Artist,Album,Year,Song
Chance the Rapper,10 Day,2012,"14,400 Minutes"
Chance the Rapper,10 Day,2012,Nostalgia
Chance the Rapper,10 Day,2012,Missing You
Chance the Rapper,10 Day,2012,Windows
Chance the Rapper,10 Day,2012,Brain Cells
Chance the Rapper,10 Day,2012,Long Time
Chance the Rapper,10 Day,2012,22 Offs
Chance the Rapper,10 Day,2012,U Got Me Fucked Up
Chance the Rapper,10 Day,2012,Family
Chance the Rapper,10 Day,2012,Juke Juke
Chance the Rapper,10 Day,2012,Fuck You Tahm Bout
Chance the Rapper,10 Day,2012,Long Time II
Chance the Rapper,10 Day,2012,Prom Night
Chance the Rapper,10 Day,2012,Hey Ma
Chance the Rapper,Acid Rap,2013,Good Ass Intro
Chance the Rapper,Acid Rap,2013,Pusha Man
Chance the Rapper,Acid Rap,2013,Paranoia
Chance the Rapper,Acid Rap,2013,Cocoa Butter Kisses
Chance the Rapper,Acid Rap,2013,Juice
Chance the Rapper,Acid Rap,2013,Lost
Chance the Rapper,Acid Rap,2013,Everybody's Something
Chance the Rapper,Acid Rap,2013,Interlude (That's Love)
Chance the Rapper,Acid Rap,2013,Favorite Song
Chance the Rapper,Acid Rap,2013,NaNa
Chance the Rapper,Acid Rap,2013,Smoke Again
Chance the Rapper,Acid Rap,2013,Acid Rain
Chance the Rapper,Acid Rap,2013,Chain Smoker
Chance the Rapper,Acid Rap,2013,Everything's Good (Good Ass Outro)
Chance the Rapper,Coloring Book,2016,All We Got
Chance the Rapper,Coloring Book,2016,No Problem
Chance the Rapper,Coloring Book,2016,Summer Friends
Chance the Rapper,Coloring Book,2016,D.R.A.M. Sings Special
Chance the Rapper,Coloring Book,2016,Blessings (feat. Jamila Woods)
Chance the Rapper,Coloring Book,2016,Same Drugs
Chance the Rapper,Coloring Book,2016,Mixtape (feat. Young Thug & Lil Yachty)
Chance the Rapper,Coloring Book,2016,Angels
Chance the Rapper,Coloring Book,2016,Juke Jam
Chance the Rapper,Coloring Book,2016,All Night
Chance the Rapper,Coloring Book,2016,How Great
Chance the Rapper,Coloring Book,2016,Smoke Break
Chance the Rapper,Coloring Book,2016,Finish Line / Drown
Chance the Rapper,Coloring Book,2016,"Blessings (feat. Ty Dolla $ign, Anderson .Paak, BJ the Chicago Kid, Raury)"
Chance the Rapper,The Big Day,2019,All Day Long
Chance the Rapper,The Big Day,2019,Do You Remember
Chance the Rapper,The Big Day,2019,Eternal
Chance the Rapper,The Big Day,2019,Hot Shower
Chance the Rapper,The Big Day,2019,We Go High
Chance the Rapper,The Big Day,2019,I Got You
Chance the Rapper,The Big Day,2019,Roo
Chance the Rapper,The Big Day,2019,The Big Day
Chance the Rapper,The Big Day,2019,Let's Go On The Run
Chance the Rapper,The Big Day,2019,Handsome
Chance the Rapper,The Big Day,2019,Big Fish
Chance the Rapper,The Big Day,2019,Ballin Flossin
Chance the Rapper,The Big Day,2019,5 Year Plan
Chance the Rapper,The Big Day,2019,Get A Bag
Chance the Rapper,The Big Day,2019,Slide Around
Chance the Rapper,The Big Day,2019,Sun Come Down
Chance the Rapper,The Big Day,2019,Found A Good One
Chance the Rapper,The Big Day,2019,Town On The Hill
Chance the Rapper,The Big Day,2019,Zanies and Fools